{
    "learning_rate": 0.5,
    "depth": 3,
    "l2_leaf_reg": 2.077777777777778,
    "bagging_temperature": 0.7000000000000001,
    "leaf_estimation_iterations": 9,
    "iterations": 2000,
    "early_stopping_rounds": 50,
    "od_pval": 0.001,
    "task_type": "CPU",
    "thread_count": 4,
    "classes_count": 23,
    "cat_features": [
        0,
        1,
        2,
        3,
        4,
        5,
        6,
        7,
        8,
        9,
        10,
        11,
        12,
        13,
        14,
        15,
        16,
        17,
        18
    ]
}
