{
    "learning_rate": 0.7028375942921754,
    "depth": 8,
    "l2_leaf_reg": 2.126379332436029,
    "bagging_temperature": 0.005920672529665272,
    "leaf_estimation_iterations": 3,
    "iterations": 2000,
    "early_stopping_rounds": 50,
    "od_pval": 0.001,
    "task_type": "CPU",
    "thread_count": 4,
    "cat_features": [
        0,
        1,
        2,
        3,
        4,
        5,
        6,
        7
    ]
}

